{"type": "metrics", "dataset": "train", "precision": 0.9931614939505523, "balanced_accuracy": 0.8986087888414297, "recall": 0.7988153162682462, "f1_score": 0.8854496423965295}
{"type": "metrics", "dataset": "test", "precision": 0.6681146828844483, "balanced_accuracy": 0.6744788009561253, "recall": 0.4028287061288633, "f1_score": 0.5026143790849673}
{"type": "cm_matrix", "dataset": "train", "true_0": {"predicted_0": 16247, "predicted_1": 26}, "true_1": {"predicted_0": 951, "predicted_1": 3776}}
{"type": "cm_matrix", "dataset": "test", "true_0": {"predicted_0": 6709, "predicted_1": 382}, "true_1": {"predicted_0": 1140, "predicted_1": 769}}
